,url,likes,display_photo,account,date,caption,accessibility_caption
0,C_-9xjnA411,63,https://instagram.fyto3-1.fna.fbcdn.net/v/t51.29350-15/459908329_518876194228112_4665924084913926167_n.jpg?stp=dst-jpg_e35&efg=eyJ2ZW5jb2RlX3RhZyI6ImltYWdlX3VybGdlbi4xNDQweDE0NDAuc2RyLmYyOTM1MC5kZWZhdWx0X2ltYWdlIn0&_nc_ht=instagram.fyto3-1.fna.fbcdn.net&_nc_cat=108&_nc_ohc=qrx1oyzKMKMQ7kNvgGunr9y&_nc_gid=96844ec50c0d4c34a0141ba1bd4a9630&edm=AEhyXUkBAAAA&ccb=7-5&ig_cache_key=MzQ1ODQ3MzI1MDE5NDE2NTEwOQ%3D%3D.3-ccb7-5&oh=00_AYAEwtVc856znxR5nWh4x_FvWwE8K5XOlDlMTmR4gAQfFw&oe=66F14499&_nc_sid=8f1549,uwmcc,2024-09-16 15:56:00,"UWMCC is thrilled to announce Case 101: an in-person event hosted by experts to help you master tackling cases. Sign up today for a great way to learn more about how to succeed when doing case competitions, case interviews, or just when tackling business problems in general!Event Date: September 19th from 7:00 pm - 8:30 pm @ STC 0040*Note: please come 10 minutes early for registrationSign up using the link in our bio!",
1,DAEj4l3y5Ga,23,https://instagram.fyto3-1.fna.fbcdn.net/v/t51.29350-15/460415926_1541766019763024_6998044416076387535_n.jpg?stp=dst-jpg_e35&efg=eyJ2ZW5jb2RlX3RhZyI6ImltYWdlX3VybGdlbi4xMDgweDEwODAuc2RyLmYyOTM1MC5kZWZhdWx0X2ltYWdlIn0&_nc_ht=instagram.fyto3-1.fna.fbcdn.net&_nc_cat=108&_nc_ohc=IC2hlZokJmsQ7kNvgFTuIsM&_nc_gid=b29d806f74ad4918bc2ff7935030d69c&edm=AEhyXUkBAAAA&ccb=7-5&ig_cache_key=MzQ2MDA0ODIzNDMxMDUwNDg1OA%3D%3D.3-ccb7-5&oh=00_AYCmPFBggMPMGZySt2rzuY15ngovYPNUQVYpGa_YDOFUAw&oe=66F13316&_nc_sid=8f1549,uwaterloodsc,2024-09-18 20:05:13,"üì£ Want to learn more about co-op at UW + WaterlooWorks and get your resume reviewed and practice with mock interviews?üìã Come join our co-op bootcamp kick-off event this Thursday, September 19th, from 7 PM to 9 PM EDT in DC 1302!‚ú® Whether you‚Äôre new to the co-op program or returning after a few terms, you‚Äôre welcome to join and learn more about how to increase your chances of landing your dream internship! See you there!",
2,DABlPZbu7g5,58,https://instagram.fyto3-1.fna.fbcdn.net/v/t51.2885-15/460339073_1539956846893464_3788577617756951886_n.jpg?stp=dst-jpg_e15&efg=eyJ2ZW5jb2RlX3RhZyI6ImltYWdlX3VybGdlbi42NDB4NjQwLnNkci5mNzE4NzguZGVmYXVsdF9jb3Zlcl9mcmFtZSJ9&_nc_ht=instagram.fyto3-1.fna.fbcdn.net&_nc_cat=100&_nc_ohc=Am5zDLgUkeQQ7kNvgE3lGKK&_nc_gid=b29d806f74ad4918bc2ff7935030d69c&edm=AEhyXUkBAAAA&ccb=7-5&ig_cache_key=MzQ1OTIwOTc3NDYxOTE0NjI5Nw%3D%3D.3-ccb7-5&oh=00_AYB-5abUsydXiNuXr5nzEyFuQSS3ne4cKC1Wh5szHQb5Qg&oe=66F11E14&_nc_sid=8f1549,uwaterloodsc,2024-09-17 16:19:41,"üöÄ‚ú® Get ready for the Beginning of Term Bubble Tea Social hosted by DSC!üìÖ Sept 23‚è∞ 7:30 PM - 9:00PMüìç E7 1427 (Ideas Clinic room)Start the term right by meeting new people ü§ù, connecting with fellow DSC members, and enjoying FREE bubble tea! üßã‚ú® Learn about all the exciting tech events, workshops, and projects we have lined up for the term. It‚Äôs the perfect opportunity to get involved and make the most of your time with DSC! üéâüìå Reminder: Don‚Äôt forget to sign up as a DSC member for exclusive access to future events, projects, and more! üìù‚ú® Please pay your 4$ in our office, at the mathsoc office or with WUSA online.Join us for a fun, laid-back evening filled with good vibes üòé and yummy boba‚ÄîSee you there! üíô#DSCUW #BubbleTeaSocial #TermKickoff #UWCommunity #Networking #TechEvents",
3,C__T0CBSo87,50,https://instagram.fyto3-1.fna.fbcdn.net/v/t51.29350-15/460280048_1172409563826706_7024761003358022817_n.jpg?stp=dst-jpg_e35&_nc_ht=instagram.fyto3-1.fna.fbcdn.net&_nc_cat=110&_nc_ohc=h8HKaeI2CeEQ7kNvgGFPH4o&_nc_gid=b29d806f74ad4918bc2ff7935030d69c&edm=AEhyXUkBAAAA&ccb=7-5&ig_cache_key=MzQ1ODU3MDE3MTc3MzAyMDk3Nw%3D%3D.3-ccb7-5&oh=00_AYDOCwVK-q_H2TaZZ-uq_iGzKfMA_zwR_ilurS6821h7og&oe=66F13183&_nc_sid=8f1549,uwaterloodsc,2024-09-16 19:08:35,"üì£ Want to get your resume polished up and prepare for your interviews to maximize your chances at landing your dream internship?üìã Sign up today for a resume review or mock interview session!‚ú® We‚Äôre also looking for mentors to help review resumes and conduct the mock interviews ‚Äî if you‚Äôre a seasoned or past co-op student, we‚Äôd love to have your experience and expertise!üîó Check the links in bio to sign up to be a mentee or mentor!",
4,C_-uA-BOntS,71,https://instagram.fyto3-1.fna.fbcdn.net/v/t51.29350-15/460145511_1032790925300510_4337432359949609766_n.jpg?stp=dst-jpg_e15&efg=eyJ2ZW5jb2RlX3RhZyI6ImltYWdlX3VybGdlbi4xMDgweDEwODAuc2RyLmYyOTM1MC5kZWZhdWx0X2ltYWdlIn0&_nc_ht=instagram.fyto3-1.fna.fbcdn.net&_nc_cat=102&_nc_ohc=5Q3rs7554UsQ7kNvgHWAxOv&_nc_gid=b29d806f74ad4918bc2ff7935030d69c&edm=AEhyXUkBAAAA&ccb=7-5&ig_cache_key=MzQ1ODQwMzk0MDU5OTIzMzM2Mg%3D%3D.3-ccb7-5&oh=00_AYABdyqmLYVod4KBh_3QU2qsmFXz7de3k3sMRScW__fzqg&oe=66F11410&_nc_sid=8f1549,uwaterloodsc,2024-09-16 13:38:18,"DSC x WAT.ai DATA PROCESSING WORKSHOPüî•üöÄ Want to learn about data processing? Join us for an exciting workshop hosted by DSC in collaboration with @wataiteam!üëæ In this workshop, you‚Äôll learn the fundamentals of data processing. It‚Äôs a fantastic opportunity to enhance your data science skills and meet people who‚Äôve got the same passion as you! Open to all skill levels! üòã FREE PIZZAS offered!!!!!!!üìç STC 0010üìÖ Sep 17, 7PMSee you there ü§©#DataScience #UWaterlooDSC #UWaterlooMath #UWaterlooCS #UWaterlooEng",
5,DAEB648g-kE,22,https://instagram.fyto3-1.fna.fbcdn.net/v/t51.29350-15/460277280_1206695543910397_5755961752377911011_n.jpg?stp=dst-jpg_e35&_nc_ht=instagram.fyto3-1.fna.fbcdn.net&_nc_cat=101&_nc_ohc=IFpm6sQwOl8Q7kNvgG05_DE&_nc_gid=e30fc8580a174a29af6570f231540566&edm=AEhyXUkBAAAA&ccb=7-5&ig_cache_key=MzQ1OTg5ODg1MzY2NTQ4MDQ5NQ%3D%3D.3-ccb7-5&oh=00_AYDtxiPrix_GgRO7cWoIXLe3W9zmvh0nrPhUcypiT5V5Kg&oe=66F11EE8&_nc_sid=8f1549,uwaterloopm,2024-09-18 15:08:26,"Got any questions or want to see what UWPM is about? Check out our booth at Club Fair! üôåüìç We will be at SLC, Student Lounge, booth #111üóìÔ∏è September 19th, 11:00AM - 3:00PMüóìÔ∏è September 20th, 11:00AM - 2:00PMHope to see you there! ‚ù§Ô∏è",
6,DAEj4l3y5Ga,23,https://instagram.fyto3-1.fna.fbcdn.net/v/t51.29350-15/460415926_1541766019763024_6998044416076387535_n.jpg?stp=dst-jpg_e35&efg=eyJ2ZW5jb2RlX3RhZyI6ImltYWdlX3VybGdlbi4xMDgweDEwODAuc2RyLmYyOTM1MC5kZWZhdWx0X2ltYWdlIn0&_nc_ht=instagram.fyto3-1.fna.fbcdn.net&_nc_cat=108&_nc_ohc=IC2hlZokJmsQ7kNvgFTuIsM&_nc_gid=1815b3c2a1614a86a2258363cfb47faa&edm=AEhyXUkBAAAA&ccb=7-5&ig_cache_key=MzQ2MDA0ODIzNDMxMDUwNDg1OA%3D%3D.3-ccb7-5&oh=00_AYCKVEhV8oiUEeBMBYJfgvzp0fcpdAIbQDZcAMP0rPBpqA&oe=66F13316&_nc_sid=8f1549,techplusuw,2024-09-18 20:05:13,"üì£ Want to learn more about co-op at UW + WaterlooWorks and get your resume reviewed and practice with mock interviews?üìã Come join our co-op bootcamp kick-off event this Thursday, September 19th, from 7 PM to 9 PM EDT in DC 1302!‚ú® Whether you‚Äôre new to the co-op program or returning after a few terms, you‚Äôre welcome to join and learn more about how to increase your chances of landing your dream internship! See you there!",
7,C__T0CBSo87,50,https://instagram.fyto3-1.fna.fbcdn.net/v/t51.29350-15/460280048_1172409563826706_7024761003358022817_n.jpg?stp=dst-jpg_e35&_nc_ht=instagram.fyto3-1.fna.fbcdn.net&_nc_cat=110&_nc_ohc=h8HKaeI2CeEQ7kNvgGFPH4o&_nc_gid=1815b3c2a1614a86a2258363cfb47faa&edm=AEhyXUkBAAAA&ccb=7-5&ig_cache_key=MzQ1ODU3MDE3MTc3MzAyMDk3Nw%3D%3D.3-ccb7-5&oh=00_AYA1phFMGU_e7jdVkscN71tkmtTvM0pHVIMvH-TFZioMJg&oe=66F13183&_nc_sid=8f1549,techplusuw,2024-09-16 19:08:35,"üì£ Want to get your resume polished up and prepare for your interviews to maximize your chances at landing your dream internship?üìã Sign up today for a resume review or mock interview session!‚ú® We‚Äôre also looking for mentors to help review resumes and conduct the mock interviews ‚Äî if you‚Äôre a seasoned or past co-op student, we‚Äôd love to have your experience and expertise!üîó Check the links in bio to sign up to be a mentee or mentor!",
8,DAEk54zRwRz,11,https://instagram.fyto3-1.fna.fbcdn.net/v/t51.29350-15/460330476_1095815655595337_5783627502078243550_n.jpg?stp=dst-jpg_e15_fr_s1080x1080&_nc_ht=instagram.fyto3-1.fna.fbcdn.net&_nc_cat=105&_nc_ohc=BFefTNmpqocQ7kNvgH_2nuL&_nc_gid=2c00e5d08de3408b83d6b6bbaf1314c8&edm=AEhyXUkBAAAA&ccb=7-5&ig_cache_key=MzQ2MDA1MjcxNTcwNTc5NjY0MA%3D%3D.3-ccb7-5&oh=00_AYDGCD4N1hQ1Ys5a_ZdhekKgMfHfg1swhBSZIOBM10jKNg&oe=66F13602&_nc_sid=8f1549,itshera.co,2024-09-18 20:14:08,üîç Want to learn more about what we do here at hera.co? Come and visit our booth (36) at the Clubs and Societies Fair!üìç Our booth is located in SLC Great Hall!üóìÔ∏è September 19th 11 AM - 3 PM & September 20th 11 AM - 2 PM,
9,DACz5LUsEE6,78,https://instagram.fyto3-1.fna.fbcdn.net/v/t51.29350-15/459882783_546642411352358_7368949614013644539_n.jpg?stp=dst-jpg_e35&efg=eyJ2ZW5jb2RlX3RhZyI6ImltYWdlX3VybGdlbi4xMDgweDEwODAuc2RyLmYyOTM1MC5kZWZhdWx0X2ltYWdlIn0&_nc_ht=instagram.fyto3-1.fna.fbcdn.net&_nc_cat=102&_nc_ohc=yUidhDc5ZggQ7kNvgFaOY_a&_nc_gid=0d9bf9ab87c34a5d947ac5e3ee5b6955&edm=AEhyXUkBAAAA&ccb=7-5&ig_cache_key=MzQ1OTU1NTY5MzMxNDQ1NzkxNA%3D%3D.3-ccb7-5&oh=00_AYDy5T0C0lBtO-OWsQgaNfXFSFFwrxBHUNnzMOfXXaGoGQ&oe=66F11943&_nc_sid=8f1549,uw_aviation,2024-09-18 03:46:38,"We‚Äôre thrilled to team up with ALPA once again for another ‚ÄòDay in the Life of a Pilot‚Äô presentation! Join us as ALPA pilots share their insights and experiences in the aviation industry. This will be a good opportunity to connect and network with industry professionals, so don‚Äôt miss your chance and signup with the link in our bio ‚ÄºÔ∏è",
10,C_88ZVxvQl1,56,https://instagram.fyto3-1.fna.fbcdn.net/v/t51.29350-15/460138651_826037959650465_5164288178447321416_n.jpg?stp=dst-jpg_e35&efg=eyJ2ZW5jb2RlX3RhZyI6ImltYWdlX3VybGdlbi44Mjh4ODI4LnNkci5mMjkzNTAuZGVmYXVsdF9pbWFnZSJ9&_nc_ht=instagram.fyto3-1.fna.fbcdn.net&_nc_cat=109&_nc_ohc=4uAwfEkqKv4Q7kNvgET4-gN&_nc_gid=0d9bf9ab87c34a5d947ac5e3ee5b6955&edm=AEhyXUkBAAAA&ccb=7-5&ig_cache_key=MzQ1NzkwNDIzODA3NDMzMzU1Nw%3D%3D.3-ccb7-5&oh=00_AYB60e2s2Y7lhvOI_SEQoPJDJ477_APvHAGMe7k6pRVWrw&oe=66F126D3&_nc_sid=8f1549,uw_aviation,2024-09-15 21:05:29,"Need a help with your aviation studies? Come out to the weekly Ground School TA help sessions for support on topics from PPL to ATPL. Whether you‚Äôre prepping for written exams or need clarification on concepts, the TAs are here to help you soar! üòé‚úàÔ∏è",
11,C__F8PVJBo0,56,https://instagram.fyto3-1.fna.fbcdn.net/v/t39.30808-6/460164929_18456614356051383_3104787941609529513_n.jpg?stp=dst-jpg_e15_fr_s1080x1080&_nc_ht=instagram.fyto3-1.fna.fbcdn.net&_nc_cat=103&_nc_ohc=CX3ALPACmq0Q7kNvgHDTAMA&_nc_gid=5a1cb0c380c0472db94f0d32d65e485e&edm=AEhyXUkAAAAA&ccb=7-5&ig_cache_key=MzQ1ODUwOTE2MDAzMjE5MzA4NA%3D%3D.3-ccb7-5&oh=00_AYCbQ-oe6rFeXPMvoDf7-cT3pwCQvMORzl8BQZxwkiHmYA&oe=66F11509&_nc_sid=8f1549,uwmsa,2024-09-16 17:07:22,Swipe to check out this week‚Äôs Iqamah times on campus ‚û°Ô∏è along with the location where the prayers will be taking place!,
12,DAE0H4VS87t,14,https://instagram.fyto3-1.fna.fbcdn.net/v/t39.30808-6/460570790_18457038691051383_2286444256987116980_n.jpg?stp=dst-jpg_e15&efg=eyJ2ZW5jb2RlX3RhZyI6ImltYWdlX3VybGdlbi4xMDgweDEwODAuc2RyLmYzMDgwOC5kZWZhdWx0X2ltYWdlIn0&_nc_ht=instagram.fyto3-1.fna.fbcdn.net&_nc_cat=103&_nc_ohc=RWqutwyMa0sQ7kNvgExjj2v&_nc_gid=5a1cb0c380c0472db94f0d32d65e485e&edm=AEhyXUkAAAAA&ccb=7-5&ig_cache_key=MzQ2MDExOTY1MzY2OTEyOTk2NQ%3D%3D.3-ccb7-5&oh=00_AYAWKERI_wrdr9QaqMEsCz-XcY2OSme0CBLSUfqKHhPCOg&oe=66F11A56&_nc_sid=8f1549,uwmsa,2024-09-18 22:27:07,Assalamu Alaikum everyone! Dedicate a period of the night to Allah in Kitchener masjid by joining UWMSAs Qiyam night! There is limited space so please sign up through the TaqwaCon website or through our ‚ÄúSign up links‚Äù highlightsüïåü§ç,
13,DABaNO_pZIH,148,https://instagram.fyto3-1.fna.fbcdn.net/v/t39.30808-6/460268777_18456780391051383_772492214951780448_n.jpg?stp=dst-jpg_e15&efg=eyJ2ZW5jb2RlX3RhZyI6ImltYWdlX3VybGdlbi4xMDgweDEwODAuc2RyLmYzMDgwOC5kZWZhdWx0X2ltYWdlIn0&_nc_ht=instagram.fyto3-1.fna.fbcdn.net&_nc_cat=103&_nc_ohc=CO-waa99ThoQ7kNvgFEO6G9&edm=AEhyXUkAAAAA&ccb=7-5&ig_cache_key=MzQ1OTE2MTI0NzQ1OTkzODgyMw%3D%3D.3-ccb7-5&oh=00_AYAy8NJhDa2ZW2_NOiZAHv_IVUUAcmbw2I1qL7v53JHXew&oe=66F12AC9&_nc_sid=8f1549,uwmsa,2024-09-17 14:42:56,"Prepare for an exciting Fall 2024 kick off üöÄthis semester by joining us for our beginning of term event: fragrance of friendship üåπ! Meet our amazing execs and leads, dive into an exciting jeopardy game and create lifelong bonds. Don‚Äôt forget the best part, the yummy food ü•ò, see you there!!",
14,C__sNcISw6G,79,https://instagram.fyto3-1.fna.fbcdn.net/v/t39.30808-6/460352633_18456661489051383_6173919112923413215_n.jpg?stp=dst-jpg_e15&efg=eyJ2ZW5jb2RlX3RhZyI6ImltYWdlX3VybGdlbi4xMDgweDEwODAuc2RyLmYzMDgwOC5kZWZhdWx0X2ltYWdlIn0&_nc_ht=instagram.fyto3-1.fna.fbcdn.net&_nc_cat=103&_nc_ohc=pmIMUrsXoKQQ7kNvgFM8whV&_nc_gid=5a1cb0c380c0472db94f0d32d65e485e&edm=AEhyXUkAAAAA&ccb=7-5&ig_cache_key=MzQ1ODY3NzQ3NjQ0NzQyNDEzNA%3D%3D.3-ccb7-5&oh=00_AYCNF4w5y9qXijT-ySUNt8fUeEP1fFpBgCw2g7S7EQ19Sw&oe=66F13B2B&_nc_sid=8f1549,uwmsa,2024-09-16 22:41:46,"Test your Quranic knowledge this TaqwaCon! The Quran competition will run on October 12th from 10:30am to 1:00pm. The competition is made up of 3 challenging categories; Surah Al Mudathir, Surah Al Saffat, and Surah Al Tawbah. Sign ups are available through the ‚ÄúSign Up Links‚Äù highlight or through the TaqwaCon website! üìñ‚ú®",
15,C__0zMlAMv0,269,https://instagram.fyto3-1.fna.fbcdn.net/v/t51.29350-15/460144679_369353352915991_3996109960591301570_n.jpg?stp=dst-jpg_e35&_nc_ht=instagram.fyto3-1.fna.fbcdn.net&_nc_cat=107&_nc_ohc=WY5TDyEazjsQ7kNvgEM-veW&_nc_gid=a2cbd381fa7f4ab4affdc1ef88091f96&edm=AEhyXUkBAAAA&ccb=7-5&ig_cache_key=MzQ1ODcxNTI0OTU2NDM3OTc4OA%3D%3D.3-ccb7-5&oh=00_AYBNGrRYzWsB0mge2SWoa-PxxwSPx0hRYAGDYmm83F5vjg&oe=66F143E1&_nc_sid=8f1549,waterloo_ultimate,2024-09-16 23:56:50,"Feeling the heat? Nah, that‚Äôs just our open team players üòÆ‚Äçüí® Roster drop coming HOT!",
16,C__0uZJA1_e,228,https://instagram.fyto3-1.fna.fbcdn.net/v/t51.29350-15/460156286_1496499047901963_5124585782721398176_n.jpg?stp=dst-jpg_e35&_nc_ht=instagram.fyto3-1.fna.fbcdn.net&_nc_cat=103&_nc_ohc=9gj18SQrjqEQ7kNvgH1GDV1&_nc_gid=a2cbd381fa7f4ab4affdc1ef88091f96&edm=AEhyXUkBAAAA&ccb=7-5&ig_cache_key=MzQ1ODcxNDkyMDQ0NTU2NjMyOA%3D%3D.3-ccb7-5&oh=00_AYDP1EeekV6dNFxnWqsc0L7dSM944OvL9AswNx86_NQd2A&oe=66F1157C&_nc_sid=8f1549,waterloo_ultimate,2024-09-16 23:56:10,Hope you got your oven mitts on because we‚Äôre serving a piping hot roster coming your way üòè,
17,DAEB648g-kE,22,https://instagram.fyto3-1.fna.fbcdn.net/v/t51.29350-15/460277280_1206695543910397_5755961752377911011_n.jpg?stp=dst-jpg_e35&_nc_ht=instagram.fyto3-1.fna.fbcdn.net&_nc_cat=101&_nc_ohc=IFpm6sQwOl8Q7kNvgG05_DE&_nc_gid=ebb6818999bd401faf4b6d8fd1eefe2f&edm=AEhyXUkBAAAA&ccb=7-5&ig_cache_key=MzQ1OTg5ODg1MzY2NTQ4MDQ5NQ%3D%3D.3-ccb7-5&oh=00_AYAMgfDKsG_TSqJpjrP0eL1YUOs5mPrNgqR6uE3YViC5iQ&oe=66F11EE8&_nc_sid=8f1549,uwaterloopm,2024-09-18 15:08:26,"Got any questions or want to see what UWPM is about? Check out our booth at Club Fair! üôåüìç We will be at SLC, Student Lounge, booth #111üóìÔ∏è September 19th, 11:00AM - 3:00PMüóìÔ∏è September 20th, 11:00AM - 2:00PMHope to see you there! ‚ù§Ô∏è",
18,C_-9xjnA411,63,https://instagram.fyto3-1.fna.fbcdn.net/v/t51.29350-15/459908329_518876194228112_4665924084913926167_n.jpg?stp=dst-jpg_e35&efg=eyJ2ZW5jb2RlX3RhZyI6ImltYWdlX3VybGdlbi4xNDQweDE0NDAuc2RyLmYyOTM1MC5kZWZhdWx0X2ltYWdlIn0&_nc_ht=instagram.fyto3-1.fna.fbcdn.net&_nc_cat=108&_nc_ohc=qrx1oyzKMKMQ7kNvgGunr9y&edm=AEhyXUkBAAAA&ccb=7-5&ig_cache_key=MzQ1ODQ3MzI1MDE5NDE2NTEwOQ%3D%3D.3-ccb7-5&oh=00_AYA90-zwYWzbHNt1U2uS5uoAwgSswE2FbpNaTx29l2hSBw&oe=66F14499&_nc_sid=8f1549,uwmcc,2024-09-16 15:56:00,"UWMCC is thrilled to announce Case 101: an in-person event hosted by experts to help you master tackling cases. Sign up today for a great way to learn more about how to succeed when doing case competitions, case interviews, or just when tackling business problems in general!Event Date: September 19th from 7:00 pm - 8:30 pm @ STC 0040*Note: please come 10 minutes early for registrationSign up using the link in our bio!",
19,DACnYwNgsP7,3,https://instagram.fyto3-1.fna.fbcdn.net/v/t51.29350-15/460277285_928685122385411_4363143791044977184_n.jpg?stp=dst-jpg_e35&efg=eyJ2ZW5jb2RlX3RhZyI6ImltYWdlX3VybGdlbi4xMDgweDEwODAuc2RyLmYyOTM1MC5kZWZhdWx0X2ltYWdlIn0&_nc_ht=instagram.fyto3-1.fna.fbcdn.net&_nc_cat=111&_nc_ohc=QkalPIcRRTsQ7kNvgEBp77q&_nc_gid=1125a13f667f4b9a8f4709e34f0c1c3d&edm=AEhyXUkBAAAA&ccb=7-5&ig_cache_key=MzQ1OTUwMDY4ODYyMTYxODE3MQ%3D%3D.3-ccb7-5&oh=00_AYCIeRVkjhzPEAeN78O8dfw5Z-y6R3tPTn2_4siNMoL8Vg&oe=66F12D47&_nc_sid=8f1549,uw_phys_club,2024-09-18 01:57:21,"***PhysClub has no rights to the above poster, we are only distributing it. All credit goes to the City of Waterloo‚Äôs Arts and Creative Industries team. Note, the date of the festival IS Saturday, Sept. 21st******TLDR***: PhysClub is going to the LUMEN festival (Sept. 21stüóìÔ∏è ). Meet us outside DC main entranceüìç @5:10 PM‚åö.üîäPHYSCLUB‚ÄôS GOING TO THE LUMEN FESTIVALüîäWho doesn‚Äôt want to experience falling into a blackhole? Or seeing beautiful sculptures made of light? These and so much more are happening at Waterloo‚Äôs Lumen Festival! üí°üí°üí°Join us on a trip to uptown Waterloo for a night of experiencing stunning and deeply meaningful art installations. Here‚Äôs the schedule:5:10PM: start gathering outside the Davis Center (DC) main entrance nearest to the University of Waterloo Ion Stationüìç.5:30PM: take the Ion to uptown Waterloo.6:00PM: Disperse and enjoy the festival!9:40PM: start gathering beside Perimeter institute‚Äôs parking lot entranceüìç.10:00PM: head back to campus via Ion.Hope to see everyone there! REMEMBER TO BRING WATERüåä , SNACKS/DINNERü•ê , AND JACKETSüß•  IF NECESSARY.",
20,DAB2KEGReTh,13,https://instagram.fyto3-1.fna.fbcdn.net/v/t51.29350-15/460395548_844892387707794_6323005766225285876_n.jpg?stp=dst-jpg_e15&efg=eyJ2ZW5jb2RlX3RhZyI6ImltYWdlX3VybGdlbi4zNzV4MjAwLnNkci5mMjkzNTAuZGVmYXVsdF9jb3Zlcl9mcmFtZSJ9&_nc_ht=instagram.fyto3-1.fna.fbcdn.net&_nc_cat=106&_nc_ohc=ZAH7pcYcvmQQ7kNvgFrUY6V&_nc_gid=1125a13f667f4b9a8f4709e34f0c1c3d&edm=AEhyXUkBAAAA&ccb=7-5&ig_cache_key=MzQ1OTI4NDE3NDkwMzgyOTcyOQ%3D%3D.3-ccb7-5&oh=00_AYC22NPxlM82qky86A7vGLp9nScIF16qvj0dQx2iSdCVRw&oe=66F140F9&_nc_sid=8f1549,uw_phys_club,2024-09-17 18:47:56,BONDFIRE TRAILER üî•üî•üî•üçÇüçÇüó£Ô∏èüó£Ô∏èü§©ü§©,
21,DACqnALgMf8,22,https://instagram.fyto3-1.fna.fbcdn.net/v/t39.30808-6/460624134_18366437194129611_4498607599420769959_n.jpg?stp=dst-jpg_e15_fr_s1080x1080&_nc_ht=instagram.fyto3-1.fna.fbcdn.net&_nc_cat=103&_nc_ohc=XlIRpbOTgM0Q7kNvgEILPfC&_nc_gid=10188994dd564b71b85ce1df4788054d&edm=AEhyXUkAAAAA&ccb=7-5&ig_cache_key=MzQ1OTUxNDg1MjMxNjQxNTcwOA%3D%3D.3-ccb7-5&oh=00_AYBG6lVQHfCVEqebLnHfoyKIuyZaFNuhkEl3Jv0TRu__Hg&oe=66F11F6C&_nc_sid=8f1549,uwpokerclub,2024-09-18 02:25:30,Terminology Tuesday is back üòéTodays lesson: 3 Bet!,
22,DABtIAyRM3H,32,https://instagram.fyto3-1.fna.fbcdn.net/v/t39.30808-6/460133836_18366388114129611_2498984560239226965_n.jpg?stp=dst-jpg_e15_fr_s1080x1080&_nc_ht=instagram.fyto3-1.fna.fbcdn.net&_nc_cat=103&_nc_ohc=8XXJof3vfJEQ7kNvgGFfb4O&_nc_gid=10188994dd564b71b85ce1df4788054d&edm=AEhyXUkAAAAA&ccb=7-5&ig_cache_key=MzQ1OTI0NDQ0NTE2NDYxODkwMg%3D%3D.3-ccb7-5&oh=00_AYDxs0_zOy3C4zfkkfuTT69iB3YMNf8kZncw7TzTalCs3Q&oe=66F11458&_nc_sid=8f1549,uwpokerclub,2024-09-17 17:28:15,Congratulations to Mondays winners üòô,
23,C__NaZGSWDk,31,https://instagram.fyto3-1.fna.fbcdn.net/v/t39.30808-6/460360783_18366245044129611_171776107263604809_n.jpg?stp=dst-jpg_e15_fr_s1080x1080&_nc_ht=instagram.fyto3-1.fna.fbcdn.net&_nc_cat=103&_nc_ohc=Ys58_a-hk5YQ7kNvgHYhJfr&_nc_gid=10188994dd564b71b85ce1df4788054d&edm=AEhyXUkAAAAA&ccb=7-5&ig_cache_key=MzQ1ODU0MjAxOTUwMzgxOTI3Nw%3D%3D.3-ccb7-5&oh=00_AYB63tSCrS09OhqpaH4rv0WCDV41ChBbl2LgG92qI_izAg&oe=66F1319D&_nc_sid=8f1549,uwpokerclub,2024-09-16 18:12:39,congrats to last Thursdays winners!!,
24,C__NX2iyLDN,18,https://instagram.fyto3-1.fna.fbcdn.net/v/t39.30808-6/460160981_18366245002129611_2450989109888921051_n.jpg?stp=dst-jpg_e15&efg=eyJ2ZW5jb2RlX3RhZyI6ImltYWdlX3VybGdlbi4xMDgweDEwODAuc2RyLmYzMDgwOC5kZWZhdWx0X2ltYWdlIn0&_nc_ht=instagram.fyto3-1.fna.fbcdn.net&_nc_cat=103&_nc_ohc=Q6yUxs8vgSwQ7kNvgGNy4b4&_nc_gid=10188994dd564b71b85ce1df4788054d&edm=AEhyXUkAAAAA&ccb=7-5&ig_cache_key=MzQ1ODU0MTg1MjU2MjA3NTg1Mw%3D%3D.3-ccb7-5&oh=00_AYCppDDkHiU1XLwja5dn4ej6HqXE6936YY518mP2fY9BRA&oe=66F117A1&_nc_sid=8f1549,uwpokerclub,2024-09-16 18:12:18,get excited üôà,
25,C__NVq8yne6,39,https://instagram.fyto3-1.fna.fbcdn.net/v/t39.30808-6/460184389_18366244960129611_5977951382188258746_n.jpg?stp=dst-jpg_e15_fr_s1080x1080&_nc_ht=instagram.fyto3-1.fna.fbcdn.net&_nc_cat=103&_nc_ohc=kL4JI8rocmkQ7kNvgG4hlP4&_nc_gid=10188994dd564b71b85ce1df4788054d&edm=AEhyXUkAAAAA&ccb=7-5&ig_cache_key=MzQ1ODU0MTY5NTg1NDU4MjkzOA%3D%3D.3-ccb7-5&oh=00_AYDzfSAJ-liKP5AQZcKV_pBLA6k7Siz8YAAqm9BZb-JAXg&oe=66F12756&_nc_sid=8f1549,uwpokerclub,2024-09-16 18:12:00,congrats to last Mondays winners!!,
26,DAEj4l3y5Ga,23,https://instagram.fyto3-1.fna.fbcdn.net/v/t51.29350-15/460415926_1541766019763024_6998044416076387535_n.jpg?stp=dst-jpg_e35&efg=eyJ2ZW5jb2RlX3RhZyI6ImltYWdlX3VybGdlbi4xMDgweDEwODAuc2RyLmYyOTM1MC5kZWZhdWx0X2ltYWdlIn0&_nc_ht=instagram.fyto3-1.fna.fbcdn.net&_nc_cat=108&_nc_ohc=IC2hlZokJmsQ7kNvgFTuIsM&_nc_gid=5608fca30cb1476cb47d87ec29d66db5&edm=AEhyXUkBAAAA&ccb=7-5&ig_cache_key=MzQ2MDA0ODIzNDMxMDUwNDg1OA%3D%3D.3-ccb7-5&oh=00_AYAexF2zZmt-7cQ14prX47JHDEicym7TbO8f_pLtmM1SYw&oe=66F13316&_nc_sid=8f1549,uwcsclub,2024-09-18 20:05:13,"üì£ Want to learn more about co-op at UW + WaterlooWorks and get your resume reviewed and practice with mock interviews?üìã Come join our co-op bootcamp kick-off event this Thursday, September 19th, from 7 PM to 9 PM EDT in DC 1302!‚ú® Whether you‚Äôre new to the co-op program or returning after a few terms, you‚Äôre welcome to join and learn more about how to increase your chances of landing your dream internship! See you there!",
27,C__luDhufw2,37,https://instagram.fyto3-1.fna.fbcdn.net/v/t51.29350-15/459930499_1056096916300347_7235905341768908577_n.jpg?stp=dst-jpg_e15&efg=eyJ2ZW5jb2RlX3RhZyI6ImltYWdlX3VybGdlbi4xMDgweDEwODAuc2RyLmYyOTM1MC5kZWZhdWx0X2ltYWdlIn0&_nc_ht=instagram.fyto3-1.fna.fbcdn.net&_nc_cat=103&_nc_ohc=YSf5WwcjpdQQ7kNvgEJqUZu&_nc_gid=5608fca30cb1476cb47d87ec29d66db5&edm=AEhyXUkBAAAA&ccb=7-5&ig_cache_key=MzQ1ODY0ODkzMTQ0NzczMzMwMg%3D%3D.3-ccb7-5&oh=00_AYAUk_gzNDt4ibYBPp_UzVozW10EPRBAmrSvj7whG70cqQ&oe=66F12894&_nc_sid=8f1549,uwcsclub,2024-09-16 21:45:03,"üéâ CSC Circles is back and better than ever! üé§‚ú® Join us for a night of board games, karaoke with Codey, snacks, drinks, and good vibes! Don‚Äôt miss out on the best way to start your term with new friends and fun memories! üïπÔ∏èüé≤üé∂‚úÖ¬†Sign-up form in bio!üìÖ Date: Sep 20th, 7-9pmüìç Location: STC 0020üìù Sign up by: Sep 19th, 11:59pm",
28,C__T0CBSo87,50,https://instagram.fyto3-1.fna.fbcdn.net/v/t51.29350-15/460280048_1172409563826706_7024761003358022817_n.jpg?stp=dst-jpg_e35&_nc_ht=instagram.fyto3-1.fna.fbcdn.net&_nc_cat=110&_nc_ohc=h8HKaeI2CeEQ7kNvgGFPH4o&_nc_gid=5608fca30cb1476cb47d87ec29d66db5&edm=AEhyXUkBAAAA&ccb=7-5&ig_cache_key=MzQ1ODU3MDE3MTc3MzAyMDk3Nw%3D%3D.3-ccb7-5&oh=00_AYAkIgK35R7mGWIpZJMBzpVN6M1iIpwuKInmEj8EJxaaNQ&oe=66F13183&_nc_sid=8f1549,uwcsclub,2024-09-16 19:08:35,"üì£ Want to get your resume polished up and prepare for your interviews to maximize your chances at landing your dream internship?üìã Sign up today for a resume review or mock interview session!‚ú® We‚Äôre also looking for mentors to help review resumes and conduct the mock interviews ‚Äî if you‚Äôre a seasoned or past co-op student, we‚Äôd love to have your experience and expertise!üîó Check the links in bio to sign up to be a mentee or mentor!",
29,C_-op3xO6sJ,11,https://instagram.fyto3-1.fna.fbcdn.net/v/t51.29350-15/459792829_514642804489673_1235552467070279818_n.jpg?stp=dst-jpg_e35&_nc_ht=instagram.fyto3-1.fna.fbcdn.net&_nc_cat=105&_nc_ohc=K1NDUKY8n0oQ7kNvgHiPBsj&_nc_gid=e2827338317a4b6b8e834f65feff8ab9&edm=AEhyXUkBAAAA&ccb=7-5&ig_cache_key=MzQ1ODM4MDM1Mjk4MjY4NDc2NQ%3D%3D.3-ccb7-5&oh=00_AYBmfxErgeTi2i8oJhZKNars0LyRldTm95qiefPZR-9Z_g&oe=66F13A2C&_nc_sid=8f1549,waterloo.ai,2024-09-16 12:51:27,"üöÄ The September Newsletter is Live! üéâDive into this month‚Äôs edition, where we explore the latest in AI at UWaterloo. From self-sustaining technology powering health to measuring biodiversity through sound‚Äîthere‚Äôs something for everyone!#uwaterloo¬†#uwaterloonews¬†#uwaterlooengineering¬†#ai",
30,C___bqJtjiw,77,https://instagram.fyto3-1.fna.fbcdn.net/v/t39.30808-6/460140455_18244530457280407_1184810121696176007_n.jpg?stp=dst-jpg_e15&efg=eyJ2ZW5jb2RlX3RhZyI6ImltYWdlX3VybGdlbi4xMDgweDEwODAuc2RyLmYzMDgwOC5kZWZhdWx0X2ltYWdlIn0&_nc_ht=instagram.fyto3-1.fna.fbcdn.net&_nc_cat=107&_nc_ohc=lODHMpoMXCwQ7kNvgE9TZ0L&_nc_gid=1971d4d15925494ea6586424cc344fbd&edm=AEhyXUkAAAAA&ccb=7-5&ig_cache_key=MzQ1ODc2MjAxNjQ1OTk5NTMxMg%3D%3D.3-ccb7-5&oh=00_AYDGKGvzuCkmQMwHGJ89yY1w49VvhEI-2CEpgy4zd5rI-g&oe=66F111C8&_nc_sid=8f1549,uw_watsam,2024-09-17 01:29:44,"Hello Warriors! Come join us as we kick start the term with a painting social! Interested in collecting WatSAM points and winning prizes? Join us this Thursday, September 19th for a chance to win points! Points will be collected for each participant who attends our events and at the end of term the person with the most points gets a mystery prize!üèÖüß´ü¶†",
31,DAC2EseNdyl,41,https://instagram.fyto3-1.fna.fbcdn.net/v/t39.30808-6/460516689_18244671967280407_4759540902268534984_n.jpg?stp=dst-jpg_e15_fr_s1080x1080&_nc_ht=instagram.fyto3-1.fna.fbcdn.net&_nc_cat=107&_nc_ohc=vyJuhsJKEdcQ7kNvgECmDRt&edm=AEhyXUkAAAAA&ccb=7-5&ig_cache_key=MzQ1OTU2NTI3MTQ1MjY5MDM1Ng%3D%3D.3-ccb7-5&oh=00_AYDIK42QOMjohwc-GMdUs0z0nJ9MaTJga5l1gl1dpy6cuA&oe=66F14112&_nc_sid=8f1549,uw_watsam,2024-09-18 04:05:41,Meet the Researchers and Editors for this term! üß¨ #WatSAM #WCMR #Fall2024 #wusaclubs #waterloosci #microbiology #science,
32,DACvCRRN_s6,35,https://instagram.fyto3-1.fna.fbcdn.net/v/t39.30808-6/460344811_18244666228280407_310921804734149251_n.jpg?stp=dst-jpg_e15_s750x750&_nc_ht=instagram.fyto3-1.fna.fbcdn.net&_nc_cat=107&_nc_ohc=MhGP9gdvoHgQ7kNvgG5wkn9&_nc_gid=1971d4d15925494ea6586424cc344fbd&edm=AEhyXUkAAAAA&ccb=7-5&ig_cache_key=MzQ1OTUzNDMxNTUyNjI4NjMzOA%3D%3D.3-ccb7-5&oh=00_AYB_7ZV-MbIxAJixOd99Wj7BT7mRDxKP9tytdAl2-4LBLg&oe=66F14368&_nc_sid=8f1549,uw_watsam,2024-09-18 03:04:11,Meet this term‚Äôs MEDO team! üß´ #WatSAM #WCMR #Fall2024 #wusaclubs #waterloosci #microbiology #science,
33,DACkAcytq_e,67,https://instagram.fyto3-1.fna.fbcdn.net/v/t39.30808-6/460573226_18244659181280407_2850955223230948620_n.jpg?stp=dst-jpg_e15_fr_s1080x1080&_nc_ht=instagram.fyto3-1.fna.fbcdn.net&_nc_cat=107&_nc_ohc=YMxmXlchhswQ7kNvgEFZmQ_&_nc_gid=1971d4d15925494ea6586424cc344fbd&edm=AEhyXUkAAAAA&ccb=7-5&ig_cache_key=MzQ1OTQ4NTgxNTg1Nzk1ODYwMA%3D%3D.3-ccb7-5&oh=00_AYDcmRHWF0I8MTj9VkadGT6zP4wmz3qJvfilebH3TjTZVg&oe=66F12CE7&_nc_sid=8f1549,uw_watsam,2024-09-18 01:27:49,üî¨ Meet WatSAM‚Äôs Presidents and VPs for Fall 2024! üî¨#WatSAM #WCMR #Fall2024 #wusaclubs #waterloosci #microbiology #science,
34,C_-3C-iAKUN,19,https://instagram.fyto3-1.fna.fbcdn.net/v/t51.29350-15/460080436_812030130823250_7032685452386819418_n.jpg?stp=dst-jpg_e35&efg=eyJ2ZW5jb2RlX3RhZyI6ImltYWdlX3VybGdlbi4xMDg0eDEwODQuc2RyLmYyOTM1MC5kZWZhdWx0X2ltYWdlIn0&_nc_ht=instagram.fyto3-1.fna.fbcdn.net&_nc_cat=102&_nc_ohc=VU6tRa_VAeAQ7kNvgGBUm8b&edm=AEhyXUkBAAAA&ccb=7-5&ig_cache_key=MzQ1ODQ0MzY2MTAwNjY0NDQ5Mw%3D%3D.3-ccb7-5&oh=00_AYAU4n8BVkTsWVU_TbhAY4PlQ-nwRniogkqTXiYE6QGeCQ&oe=66F11A25&_nc_sid=8f1549,waterlooblockchain,2024-09-16 14:57:13,"Mark your calendar for our Hypotenuse Lab on September 26th!!! We are proudly announcing that we invited our amazing speaker Benjamin Wu, an SE graduate to elaborate his knowledge on Indexing on-chain data! It would be an amazing opportunity to learn and connect with Waterloo alumni! FREE pizza and bubble tea for those who fully participate! üçï üìÖ Date: September 26th ‚è≤ Time: 5:00 PM EDT üìç Location: MC 2054 Sign up with the link in bio! üî•",
35,DABmWAdOihQ,32,https://instagram.fyto3-1.fna.fbcdn.net/v/t51.29350-15/460298032_419365797425303_5225699088220005799_n.jpg?stp=dst-jpg_e35&_nc_ht=instagram.fyto3-1.fna.fbcdn.net&_nc_cat=111&_nc_ohc=tPH4xORKF6AQ7kNvgF0AWSl&_nc_gid=94773141100e4cfaad27a4d9dd1b3c65&edm=AEhyXUkBAAAA&ccb=7-5&ig_cache_key=MzQ1OTIxNDYyMTcxNjE5MzMxMw%3D%3D.3-ccb7-5&oh=00_AYCX69XEP2319CC52E-Et3RETlUZzlbJOnVZyJRGHJQyPA&oe=66F14471&_nc_sid=8f1549,uwteaclub,2024-09-17 16:28:59,"Come see us at Club Fair! Sign up for a term membership to receive a free sticker of your choosing at our booth! To register, see our linktree and story highlights, or swipe to see the QR!We‚Äôll be setup at booth 96 in SLC. Swipe to see location details! Hope to see you there!",
36,DAEZrlwJcDk,110,https://instagram.fyto3-1.fna.fbcdn.net/v/t51.29350-15/460137427_388597350782565_4584020606279669387_n.jpg?stp=dst-jpg_e35&_nc_ht=instagram.fyto3-1.fna.fbcdn.net&_nc_cat=109&_nc_ohc=3wrmnVbXvZIQ7kNvgECTm1K&edm=AEhyXUkBAAAA&ccb=7-5&ig_cache_key=MzQ2MDAwMzM0ODMyNjIzMzIyNQ%3D%3D.3-ccb7-5&oh=00_AYCglDl_YtewV5a2mWAeLNCltvOwXw1wLgpRibHMpUYuYQ&oe=66F124CE&_nc_sid=8f1549,uw.dhamaka,2024-09-18 18:36:04,"Another term, another team ready for some dhamaka üí£‚ú®Meet our executive team for the Fall 2024 term! Swipe to get to know them and the exciting events they bringüí£üíõ",
37,C__VQ57yBPF,66,https://instagram.fyto3-1.fna.fbcdn.net/v/t51.29350-15/459952747_447995464252413_6803502191394024723_n.jpg?stp=dst-jpg_e15&efg=eyJ2ZW5jb2RlX3RhZyI6ImltYWdlX3VybGdlbi43MjB4MTI4MC5zZHIuZjI5MzUwLmRlZmF1bHRfY292ZXJfZnJhbWUifQ&_nc_ht=instagram.fyto3-1.fna.fbcdn.net&_nc_cat=109&_nc_ohc=zcNAAEComF0Q7kNvgGh273A&_nc_gid=4fe76e97c0014e1482865a0600a75b1d&edm=AEhyXUkBAAAA&ccb=7-5&ig_cache_key=MzQ1ODU3NjU1OTUzODQ0MzIwNQ%3D%3D.3-ccb7-5&oh=00_AYAup0sIrJDLXK2HT7k3sOGk20bY7nmRIQ_buY9KyQKOqg&oe=66F13E37&_nc_sid=8f1549,uw.dhamaka,2024-09-16 19:22:24,"Catch UW Dhamaka performing LIVE atHOCO Hungama!September 21, Saturday | 10pm onwards at TenC Dance Co (329 King St E, Kitchener)Event organised by OG Eventz.Tickets at ogeventz.tixverse.comBE THERE OR HEAR ABOUT IT ALL YEAR!Disclaimer: This is an event ONLY for the students of Laurier and Waterloo university. Kindly bring your Canadian photo ID and student card to the event.#uw #waterloo #waterloouniversity #laurier #desiparty #desivibes #bollywood #punjabi #diljitdosanjh #bhangea #dance #music #party #drinks",